{"stats":{"minecraft:custom":{"minecraft:open_barrel":21,"minecraft:bell_ring":40,"minecraft:eat_cake_slice":5,"minecraft:leave_game":133,"minecraft:time_since_death":120,"minecraft:sprint_one_cm":9200191,"minecraft:drop":8,"minecraft:play_time":7824585,"minecraft:deaths":78,"minecraft:jump":55781,"minecraft:walk_on_water_one_cm":273385,"minecraft:interact_with_furnace":1,"minecraft:interact_with_loom":2,"minecraft:damage_dealt":180,"minecraft:crouch_one_cm":203772,"minecraft:interact_with_smoker":1,"minecraft:mob_kills":2,"minecraft:inspect_hopper":1,"minecraft:fill_cauldron":3,"minecraft:climb_one_cm":27131,"minecraft:walk_one_cm":2006426,"minecraft:target_hit":33,"minecraft:sneak_time":228538,"minecraft:walk_under_water_one_cm":435881,"minecraft:total_world_time":8072851,"minecraft:tune_noteblock":14,"minecraft:pot_flower":44,"minecraft:time_since_rest":121,"minecraft:swim_one_cm":268086,"minecraft:fly_one_cm":79832034,"minecraft:open_chest":1,"minecraft:aviate_one_cm":688868},"minecraft:picked_up":{"minecraft:red_sand":3,"minecraft:big_dripleaf":2,"minecraft:pointed_dripstone":4,"minecraft:green_terracotta":1,"minecraft:red_tulip":1,"minecraft:pink_petals":4,"minecraft:water_bucket":1,"minecraft:lantern":1,"minecraft:twisting_vines":1,"minecraft:bow":2,"minecraft:moss_block":1,"minecraft:sand":5,"minecraft:grass":1,"minecraft:large_fern":1,"minecraft:candle":1,"minecraft:beef":3,"minecraft:sugar_cane":1,"minecraft:stone":1,"minecraft:mutton":1,"minecraft:white_wool":1,"minecraft:leather":1},"minecraft:dropped":{"minecraft:moss_block":1,"minecraft:grass":1,"minecraft:twisting_vines":1,"minecraft:water_bucket":1,"minecraft:green_terracotta":1,"minecraft:stone":1,"minecraft:bow":2},"minecraft:killed":{"minecraft:sheep":1,"minecraft:cow":1},"minecraft:used":{"minecraft:peony":45,"minecraft:moss_block":349,"minecraft:cherry_sapling":20,"minecraft:nether_brick_fence":141,"minecraft:moss_carpet":307,"minecraft:blue_terracotta":174,"minecraft:red_sand":245,"minecraft:iron_shovel":7,"minecraft:melon":59,"minecraft:smooth_quartz_slab":138,"minecraft:spruce_slab":161,"minecraft:bone_block":595,"minecraft:poppy":30,"minecraft:ladder":14,"minecraft:elytra":2,"minecraft:oak_sign":4,"minecraft:white_concrete_powder":59,"minecraft:decorated_pot":11,"minecraft:chest":12,"minecraft:white_terracotta":381,"minecraft:stone":13890,"minecraft:nether_wart":108,"minecraft:white_shulker_box":2,"minecraft:stripped_jungle_wood":8,"minecraft:bubble_coral":11,"minecraft:bell":2,"minecraft:grass":388,"minecraft:mossy_stone_brick_slab":11,"minecraft:player_head":8,"minecraft:smooth_sandstone_stairs":53,"minecraft:farmland":335,"minecraft:stripped_crimson_stem":6,"minecraft:green_terracotta":395,"minecraft:tube_coral":35,"minecraft:sculk_sensor":48,"minecraft:spruce_leaves":279,"minecraft:soul_sand":79,"minecraft:birch_pressure_plate":3,"minecraft:lily_of_the_valley":41,"minecraft:cocoa_beans":25,"minecraft:jungle_planks":69,"minecraft:nether_bricks":484,"minecraft:prismarine_brick_stairs":15,"minecraft:carrot":114,"minecraft:jungle_slab":321,"minecraft:allium":20,"minecraft:orange_wool":2,"minecraft:deepslate_brick_slab":136,"minecraft:pink_terracotta":58,"minecraft:beehive":78,"minecraft:azure_bluet":32,"minecraft:milk_bucket":1,"minecraft:obsidian":178,"minecraft:big_dripleaf":158,"minecraft:jungle_sapling":18,"minecraft:glass":60,"minecraft:packed_ice":313,"minecraft:stripped_dark_oak_wood":11,"minecraft:honey_block":199,"minecraft:cyan_terracotta":123,"minecraft:lava_bucket":3353,"minecraft:mangrove_log":2,"minecraft:bricks":352,"minecraft:coal_ore":82,"minecraft:quartz_pillar":19,"minecraft:red_wool":142,"minecraft:spruce_wood":554,"minecraft:lantern":331,"minecraft:grass_block":1183,"minecraft:blue_orchid":50,"minecraft:copper_ore":64,"minecraft:warped_nylium":499,"minecraft:dark_oak_wood":349,"minecraft:dark_oak_leaves":115,"minecraft:dark_oak_slab":216,"minecraft:light_blue_bed":1,"minecraft:gray_concrete_powder":85,"minecraft:mossy_cobblestone_slab":19,"minecraft:cherry_leaves":212,"minecraft:crimson_roots":30,"minecraft:raw_gold_block":273,"minecraft:diorite_wall":59,"minecraft:stone_bricks":38,"minecraft:blue_banner":11,"minecraft:item_frame":24,"minecraft:bedrock":13,"minecraft:red_nether_brick_wall":55,"minecraft:reinforced_deepslate":160,"minecraft:honeycomb_block":38,"minecraft:red_carpet":3,"minecraft:repeater":40,"minecraft:redstone_lamp":18,"minecraft:snow":646,"minecraft:magma_block":1,"minecraft:bow":30,"minecraft:horn_coral":18,"minecraft:warped_fungus":20,"minecraft:hay_block":98,"minecraft:sweet_berries":95,"minecraft:scaffolding":23,"minecraft:mangrove_roots":132,"minecraft:yellow_glazed_terracotta":40,"minecraft:furnace":8,"minecraft:mangrove_slab":6,"minecraft:beetroot_seeds":67,"minecraft:gray_bed":2,"minecraft:acacia_fence":241,"minecraft:polished_diorite_stairs":4,"minecraft:gold_block":10,"minecraft:fire_coral_fan":4,"minecraft:pearlescent_froglight":1,"minecraft:potato":25,"minecraft:seagrass":534,"minecraft:dead_brain_coral_fan":13,"minecraft:dark_prismarine_stairs":16,"minecraft:large_fern":34,"minecraft:stripped_spruce_wood":18,"minecraft:dark_oak_sapling":32,"minecraft:mangrove_leaves":119,"minecraft:deepslate_brick_wall":65,"minecraft:light_blue_carpet":10,"minecraft:emerald_ore":20,"minecraft:chiseled_polished_blackstone":33,"minecraft:dark_oak_stairs":8,"minecraft:mossy_stone_bricks":15,"minecraft:tube_coral_fan":24,"minecraft:end_rod":51,"minecraft:end_stone_bricks":609,"minecraft:torchflower":62,"minecraft:spruce_door":5,"minecraft:stripped_acacia_log":420,"minecraft:stripped_birch_log":202,"minecraft:acacia_trapdoor":22,"minecraft:prismarine":588,"minecraft:jungle_fence":97,"minecraft:oak_planks":588,"minecraft:blackstone":104,"minecraft:orange_tulip":31,"minecraft:cactus":136,"minecraft:sandstone":393,"minecraft:redstone_block":7,"minecraft:composter":7,"minecraft:structure_void":241,"minecraft:blue_bed":1,"minecraft:clay":9,"minecraft:sugar_cane":21,"minecraft:calibrated_sculk_sensor":8,"minecraft:oak_leaves":97,"minecraft:large_amethyst_bud":5,"minecraft:smooth_quartz_stairs":59,"minecraft:brain_coral":4,"minecraft:white_wool":199,"minecraft:stripped_mangrove_wood":17,"minecraft:glow_berries":117,"minecraft:golden_hoe":65,"minecraft:sand":641,"minecraft:yellow_terracotta":373,"minecraft:light_blue_concrete":47,"minecraft:cut_sandstone_slab":77,"minecraft:loom":5,"minecraft:light_blue_wool":1,"minecraft:blast_furnace":10,"minecraft:light_gray_terracotta":795,"minecraft:yellow_concrete":8,"minecraft:blue_ice":30,"minecraft:acacia_leaves":47,"minecraft:dead_bubble_coral":4,"minecraft:purple_terracotta":229,"minecraft:note_block":7,"minecraft:dripstone_block":1633,"minecraft:stone_brick_wall":7,"minecraft:stripped_cherry_wood":5,"minecraft:black_concrete_powder":114,"minecraft:end_stone":777,"minecraft:crimson_fence_gate":1,"minecraft:birch_fence":33,"minecraft:redstone_torch":8,"minecraft:red_sandstone":654,"minecraft:black_concrete":7,"minecraft:firework_rocket":149,"minecraft:daylight_detector":3,"minecraft:chiseled_sandstone":32,"minecraft:crying_obsidian":12,"minecraft:dark_oak_log":83,"minecraft:birch_slab":102,"minecraft:nether_sprouts":81,"minecraft:barrier":72,"minecraft:warped_slab":29,"minecraft:verdant_froglight":10,"minecraft:stone_button":59,"minecraft:lectern":10,"minecraft:spore_blossom":15,"minecraft:red_terracotta":276,"minecraft:polished_granite":200,"minecraft:oak_pressure_plate":41,"minecraft:diamond_ore":66,"minecraft:iron_door":113,"minecraft:deepslate":880,"minecraft:prismarine_wall":31,"minecraft:gravel":418,"minecraft:flowering_azalea_leaves":85,"minecraft:lilac":41,"minecraft:soul_lantern":23,"minecraft:magenta_stained_glass_pane":26,"minecraft:green_candle":8,"minecraft:nether_wart_block":433,"minecraft:torchflower_seeds":26,"minecraft:suspicious_gravel":1,"minecraft:light_blue_concrete_powder":126,"minecraft:stripped_oak_wood":61,"minecraft:grindstone":7,"minecraft:smithing_table":5,"minecraft:dark_oak_fence":230,"minecraft:medium_amethyst_bud":12,"minecraft:bubble_coral_block":2,"minecraft:crimson_door":5,"minecraft:chain":66,"minecraft:smooth_stone_slab":291,"minecraft:ice":14,"minecraft:chest_minecart":3,"minecraft:white_concrete":47,"minecraft:coarse_dirt":20,"minecraft:chorus_plant":337,"minecraft:bone_meal":1559,"minecraft:oak_fence":362,"minecraft:purpur_block":712,"minecraft:stripped_acacia_wood":61,"minecraft:trident":15,"minecraft:iron_bars":83,"minecraft:jungle_leaves":434,"minecraft:polished_blackstone_brick_slab":121,"minecraft:enchanting_table":19,"minecraft:rose_bush":29,"minecraft:cherry_wood":7,"minecraft:white_tulip":27,"minecraft:acacia_log":117,"minecraft:crimson_fence":59,"minecraft:dead_bush":129,"minecraft:flint_and_steel":76,"minecraft:brain_coral_fan":15,"minecraft:red_concrete":19,"minecraft:redstone_ore":40,"minecraft:armor_stand":8,"minecraft:stone_shovel":5,"minecraft:redstone":34,"minecraft:light_gray_carpet":2,"minecraft:mycelium":347,"minecraft:light_blue_terracotta":127,"minecraft:spruce_planks":407,"minecraft:sculk":89,"minecraft:deepslate_gold_ore":537,"minecraft:stripped_birch_wood":16,"minecraft:mangrove_fence":35,"minecraft:polished_blackstone_wall":36,"minecraft:netherrack":625,"minecraft:dried_kelp_block":51,"minecraft:oak_door":10,"minecraft:torch":265,"minecraft:end_stone_brick_wall":61,"minecraft:anvil":12,"minecraft:brewing_stand":2,"minecraft:red_nether_brick_slab":27,"minecraft:dirt":1332,"minecraft:warped_wart_block":56,"minecraft:target":11,"minecraft:white_carpet":54,"minecraft:hopper":2,"minecraft:chorus_flower":62,"minecraft:prismarine_bricks":181,"minecraft:twisting_vines":193,"minecraft:nether_brick_slab":127,"minecraft:shulker_box":6,"minecraft:yellow_carpet":33,"minecraft:oak_wood":351,"minecraft:bee_nest":16,"minecraft:raw_iron_block":107,"minecraft:golden_shovel":105,"minecraft:jungle_trapdoor":6,"minecraft:polished_granite_slab":192,"minecraft:glow_lichen":437,"minecraft:spruce_fence":134,"minecraft:warped_pressure_plate":1,"minecraft:blue_concrete":91,"minecraft:nether_brick_stairs":6,"minecraft:oak_fence_gate":9,"minecraft:polished_diorite":63,"minecraft:fern":110,"minecraft:small_dripleaf":5,"minecraft:birch_door":4,"minecraft:shroomlight":343,"minecraft:purple_stained_glass_pane":101,"minecraft:iron_hoe":47,"minecraft:stone_brick_slab":13,"minecraft:dark_oak_planks":386,"minecraft:sea_lantern":106,"minecraft:bamboo_fence":17,"minecraft:bookshelf":75,"minecraft:red_tulip":36,"minecraft:rooted_dirt":128,"minecraft:light_weighted_pressure_plate":27,"minecraft:yellow_stained_glass":9,"minecraft:iron_axe":3,"minecraft:muddy_mangrove_roots":46,"minecraft:oak_stairs":3,"minecraft:cherry_slab":57,"minecraft:smooth_sandstone":33,"minecraft:slime_block":403,"minecraft:warped_fence":13,"minecraft:acacia_slab":342,"minecraft:crimson_slab":143,"minecraft:jungle_log":128,"minecraft:polished_blackstone_brick_stairs":34,"minecraft:smooth_quartz":425,"minecraft:mud_bricks":429,"minecraft:crimson_planks":187,"minecraft:barrel":270,"minecraft:prismarine_slab":84,"minecraft:bamboo":42,"minecraft:yellow_concrete_powder":20,"minecraft:purple_concrete":257,"minecraft:glowstone":3,"minecraft:raw_copper_block":98,"minecraft:tall_grass":120,"minecraft:emerald_block":11,"minecraft:soul_soil":229,"minecraft:pitcher_plant":34,"minecraft:magenta_terracotta":72,"minecraft:dark_oak_pressure_plate":14,"minecraft:oxidized_copper":3,"minecraft:podzol":263,"minecraft:crimson_pressure_plate":2,"minecraft:horn_coral_block":34,"minecraft:stone_pressure_plate":8,"minecraft:acacia_planks":492,"minecraft:pumpkin":182,"minecraft:cherry_fence":24,"minecraft:orange_terracotta":295,"minecraft:powder_snow_bucket":73,"minecraft:cherry_log":177,"minecraft:mossy_stone_brick_wall":3,"minecraft:dead_bubble_coral_fan":8,"minecraft:hanging_roots":38,"minecraft:horn_coral_fan":16,"minecraft:brown_bed":3,"minecraft:pointed_dripstone":1055,"minecraft:brain_coral_block":12,"minecraft:cobbled_deepslate_wall":25,"minecraft:crimson_stem":22,"minecraft:wheat_seeds":227,"minecraft:water_bucket":6583,"minecraft:chiseled_bookshelf":15,"minecraft:yellow_banner":4,"minecraft:warped_stem":29,"minecraft:iron_ore":48,"minecraft:amethyst_block":66,"minecraft:mangrove_wood":13,"minecraft:pink_tulip":32,"minecraft:tube_coral_block":80,"minecraft:light_blue_glazed_terracotta":14,"minecraft:dirt_path":686,"minecraft:prismarine_brick_slab":79,"minecraft:snow_block":838,"minecraft:birch_planks":70,"minecraft:bubble_coral_fan":29,"minecraft:red_nether_bricks":51,"minecraft:mud_brick_slab":26,"minecraft:cartography_table":17,"minecraft:blue_wool":2,"minecraft:red_mushroom_block":230,"minecraft:cut_sandstone":348,"minecraft:brown_mushroom":8,"minecraft:cauldron":5,"minecraft:chiseled_nether_bricks":8,"minecraft:red_glazed_terracotta":1,"minecraft:fletching_table":8,"minecraft:stonecutter":2,"minecraft:green_bed":1,"minecraft:spruce_fence_gate":4,"minecraft:leather_boots":1,"minecraft:gold_ore":59,"minecraft:deepslate_bricks":475,"minecraft:warped_roots":63,"minecraft:polished_blackstone_bricks":1285,"minecraft:gilded_blackstone":130,"minecraft:mangrove_trapdoor":10,"minecraft:jungle_wood":35,"minecraft:polished_blackstone_pressure_plate":2,"minecraft:diamond_block":27,"minecraft:mossy_cobblestone":8,"minecraft:orange_carpet":35,"minecraft:stripped_dark_oak_log":11,"minecraft:terracotta":97,"minecraft:lime_terracotta":456,"minecraft:rail":43,"minecraft:vine":5,"minecraft:oak_slab":487,"minecraft:dark_prismarine_slab":99,"minecraft:crafting_table":1,"minecraft:red_bed":3,"minecraft:crimson_trapdoor":2,"minecraft:magenta_bed":2,"minecraft:red_mushroom":14,"minecraft:bamboo_block":299,"minecraft:sculk_shrieker":11,"minecraft:campfire":6,"minecraft:white_bed":6,"minecraft:dark_oak_fence_gate":1,"minecraft:fire_coral":3,"minecraft:smoker":11,"minecraft:spruce_log":138,"minecraft:cake":3,"minecraft:warped_planks":9,"minecraft:book":51,"minecraft:dark_oak_door":17,"minecraft:mushroom_stem":100,"minecraft:oak_log":307,"minecraft:amethyst_cluster":2,"minecraft:mud":26,"minecraft:dark_prismarine":248,"minecraft:flower_pot":50,"minecraft:acacia_stairs":6,"minecraft:cornflower":32,"minecraft:dead_fire_coral":18,"minecraft:command_block":85,"minecraft:sunflower":8,"minecraft:mangrove_propagule":18,"minecraft:oak_button":2,"minecraft:lapis_ore":13,"minecraft:spruce_pressure_plate":4,"minecraft:stone_slab":217,"minecraft:purpur_slab":32,"minecraft:spruce_trapdoor":21,"minecraft:bamboo_slab":105,"minecraft:crimson_nylium":79,"minecraft:yellow_wool":10,"minecraft:acacia_fence_gate":5,"minecraft:blue_carpet":44,"minecraft:pink_petals":426,"minecraft:fire_coral_block":2,"minecraft:crimson_fungus":5,"minecraft:cobblestone":13,"minecraft:azalea_leaves":245,"minecraft:stripped_crimson_hyphae":93,"minecraft:purple_bed":6,"minecraft:cobbled_deepslate_slab":48,"minecraft:red_concrete_powder":1,"minecraft:chain_command_block":20,"minecraft:glass_pane":299,"minecraft:yellow_bed":1,"minecraft:repeating_command_block":153,"minecraft:wither_rose":1,"minecraft:sea_pickle":178,"minecraft:stripped_oak_log":3,"minecraft:candle":53,"minecraft:kelp":176,"minecraft:purple_carpet":15,"minecraft:dandelion":39,"minecraft:sculk_vein":570,"minecraft:smooth_stone":90,"minecraft:brown_mushroom_block":249,"minecraft:jukebox":6,"minecraft:birch_stairs":10}},"DataVersion":3465}